{
    "sender": {
        "following_url": "https://api.github.com/users/jamiegs/following{/other_user}",
        "events_url": "https://api.github.com/users/jamiegs/events{/privacy}",
        "organizations_url": "https://api.github.com/users/jamiegs/orgs",
        "url": "https://api.github.com/users/jamiegs",
        "gists_url": "https://api.github.com/users/jamiegs/gists{/gist_id}",
        "html_url": "https://github.com/jamiegs",
        "subscriptions_url": "https://api.github.com/users/jamiegs/subscriptions",
        "avatar_url": "https://avatars.githubusercontent.com/u/64500?v=3",
        "repos_url": "https://api.github.com/users/jamiegs/repos",
        "received_events_url": "https://api.github.com/users/jamiegs/received_events",
        "gravatar_id": "",
        "starred_url": "https://api.github.com/users/jamiegs/starred{/owner}{/repo}",
        "site_admin": false,
        "login": "jamiegs",
        "type": "User",
        "id": 64500,
        "followers_url": "https://api.github.com/users/jamiegs/followers"
    },
    "repository": {
        "issues_url": "https://api.github.com/repos/hudl/hudl-utilities/issues{/number}",
        "deployments_url": "https://api.github.com/repos/hudl/hudl-utilities/deployments",
        "stargazers_count": 1,
        "forks_url": "https://api.github.com/repos/hudl/hudl-utilities/forks",
        "mirror_url": null,
        "subscription_url": "https://api.github.com/repos/hudl/hudl-utilities/subscription",
        "notifications_url": "https://api.github.com/repos/hudl/hudl-utilities/notifications{?since,all,participating}",
        "collaborators_url": "https://api.github.com/repos/hudl/hudl-utilities/collaborators{/collaborator}",
        "updated_at": "2016-01-12T17:17:11Z",
        "private": true,
        "pulls_url": "https://api.github.com/repos/hudl/hudl-utilities/pulls{/number}",
        "issue_comment_url": "https://api.github.com/repos/hudl/hudl-utilities/issues/comments{/number}",
        "labels_url": "https://api.github.com/repos/hudl/hudl-utilities/labels{/name}",
        "has_wiki": true,
        "full_name": "hudl/hudl-utilities",
        "owner": {
            "following_url": "https://api.github.com/users/hudl/following{/other_user}",
            "events_url": "https://api.github.com/users/hudl/events{/privacy}",
            "organizations_url": "https://api.github.com/users/hudl/orgs",
            "url": "https://api.github.com/users/hudl",
            "gists_url": "https://api.github.com/users/hudl/gists{/gist_id}",
            "html_url": "https://github.com/hudl",
            "subscriptions_url": "https://api.github.com/users/hudl/subscriptions",
            "avatar_url": "https://avatars.githubusercontent.com/u/123340?v=3",
            "repos_url": "https://api.github.com/users/hudl/repos",
            "received_events_url": "https://api.github.com/users/hudl/received_events",
            "gravatar_id": "",
            "starred_url": "https://api.github.com/users/hudl/starred{/owner}{/repo}",
            "site_admin": false,
            "login": "hudl",
            "type": "Organization",
            "id": 123340,
            "followers_url": "https://api.github.com/users/hudl/followers"
        },
        "statuses_url": "https://api.github.com/repos/hudl/hudl-utilities/statuses/{sha}",
        "id": 3065626,
        "keys_url": "https://api.github.com/repos/hudl/hudl-utilities/keys{/key_id}",
        "description": "Random tools, experiments and scripts. A good home for experimental or ad-hoc tooling.",
        "tags_url": "https://api.github.com/repos/hudl/hudl-utilities/tags",
        "downloads_url": "https://api.github.com/repos/hudl/hudl-utilities/downloads",
        "assignees_url": "https://api.github.com/repos/hudl/hudl-utilities/assignees{/user}",
        "contents_url": "https://api.github.com/repos/hudl/hudl-utilities/contents/{+path}",
        "has_pages": false,
        "git_refs_url": "https://api.github.com/repos/hudl/hudl-utilities/git/refs{/sha}",
        "open_issues_count": 11,
        "clone_url": "https://github.com/hudl/hudl-utilities.git",
        "watchers_count": 1,
        "git_tags_url": "https://api.github.com/repos/hudl/hudl-utilities/git/tags{/sha}",
        "milestones_url": "https://api.github.com/repos/hudl/hudl-utilities/milestones{/number}",
        "languages_url": "https://api.github.com/repos/hudl/hudl-utilities/languages",
        "size": 84295,
        "homepage": "",
        "fork": false,
        "commits_url": "https://api.github.com/repos/hudl/hudl-utilities/commits{/sha}",
        "releases_url": "https://api.github.com/repos/hudl/hudl-utilities/releases{/id}",
        "issue_events_url": "https://api.github.com/repos/hudl/hudl-utilities/issues/events{/number}",
        "archive_url": "https://api.github.com/repos/hudl/hudl-utilities/{archive_format}{/ref}",
        "comments_url": "https://api.github.com/repos/hudl/hudl-utilities/comments{/number}",
        "events_url": "https://api.github.com/repos/hudl/hudl-utilities/events",
        "contributors_url": "https://api.github.com/repos/hudl/hudl-utilities/contributors",
        "html_url": "https://github.com/hudl/hudl-utilities",
        "forks": 0,
        "compare_url": "https://api.github.com/repos/hudl/hudl-utilities/compare/{base}...{head}",
        "open_issues": 11,
        "git_url": "git://github.com/hudl/hudl-utilities.git",
        "svn_url": "https://github.com/hudl/hudl-utilities",
        "merges_url": "https://api.github.com/repos/hudl/hudl-utilities/merges",
        "has_issues": true,
        "ssh_url": "git@github.com:hudl/hudl-utilities.git",
        "blobs_url": "https://api.github.com/repos/hudl/hudl-utilities/git/blobs{/sha}",
        "git_commits_url": "https://api.github.com/repos/hudl/hudl-utilities/git/commits{/sha}",
        "hooks_url": "https://api.github.com/repos/hudl/hudl-utilities/hooks",
        "has_downloads": true,
        "watchers": 1,
        "name": "hudl-utilities",
        "language": "C#",
        "url": "https://api.github.com/repos/hudl/hudl-utilities",
        "created_at": "2011-12-28T23:02:36Z",
        "pushed_at": "2016-03-10T00:38:17Z",
        "forks_count": 0,
        "default_branch": "master",
        "teams_url": "https://api.github.com/repos/hudl/hudl-utilities/teams",
        "trees_url": "https://api.github.com/repos/hudl/hudl-utilities/git/trees{/sha}",
        "branches_url": "https://api.github.com/repos/hudl/hudl-utilities/branches{/branch}",
        "subscribers_url": "https://api.github.com/repos/hudl/hudl-utilities/subscribers",
        "stargazers_url": "https://api.github.com/repos/hudl/hudl-utilities/stargazers"
    },
    "number": 295,
    "pull_request": {
        "deletions": 0,
        "merge_commit_sha": "3c675f2cb35d717a1aecd97a9a205060126f104a",
        "number": 295,
        "assignee": {
            "following_url": "https://api.github.com/users/jamiegs/following{/other_user}",
            "events_url": "https://api.github.com/users/jamiegs/events{/privacy}",
            "organizations_url": "https://api.github.com/users/jamiegs/orgs",
            "url": "https://api.github.com/users/jamiegs",
            "gists_url": "https://api.github.com/users/jamiegs/gists{/gist_id}",
            "html_url": "https://github.com/jamiegs",
            "subscriptions_url": "https://api.github.com/users/jamiegs/subscriptions",
            "avatar_url": "https://avatars.githubusercontent.com/u/64500?v=3",
            "repos_url": "https://api.github.com/users/jamiegs/repos",
            "received_events_url": "https://api.github.com/users/jamiegs/received_events",
            "gravatar_id": "",
            "starred_url": "https://api.github.com/users/jamiegs/starred{/owner}{/repo}",
            "site_admin": false,
            "login": "jamiegs",
            "type": "User",
            "id": 64500,
            "followers_url": "https://api.github.com/users/jamiegs/followers"
        },
        "mergeable": null,
        "closed_at": "2016-03-10T00:38:17Z",
        "additions": 0,
        "statuses_url": "https://api.github.com/repos/hudl/hudl-utilities/statuses/1838112791620201e02ed6dfba2e251fccc3a60b",
        "id": 62289492,
        "title": "fixes 96fe548f",
        "comments": 0,
        "merged_at": "2016-03-10T00:38:17Z",
        "state": "closed",
        "_links": {
            "review_comment": {
                "href": "https://api.github.com/repos/hudl/hudl-utilities/pulls/comments{/number}"
            },
            "commits": {
                "href": "https://api.github.com/repos/hudl/hudl-utilities/pulls/295/commits"
            },
            "self": {
                "href": "https://api.github.com/repos/hudl/hudl-utilities/pulls/295"
            },
            "review_comments": {
                "href": "https://api.github.com/repos/hudl/hudl-utilities/pulls/295/comments"
            },
            "html": {
                "href": "https://github.com/hudl/hudl-utilities/pull/295"
            },
            "comments": {
                "href": "https://api.github.com/repos/hudl/hudl-utilities/issues/295/comments"
            },
            "issue": {
                "href": "https://api.github.com/repos/hudl/hudl-utilities/issues/295"
            },
            "statuses": {
                "href": "https://api.github.com/repos/hudl/hudl-utilities/statuses/1838112791620201e02ed6dfba2e251fccc3a60b"
            }
        },
        "changed_files": 1,
        "diff_url": "https://github.com/hudl/hudl-utilities/pull/295.diff",
        "issue_url": "https://api.github.com/repos/hudl/hudl-utilities/issues/295",
        "body": "fixes 96fe548f and 02e19ecd",
        "head": {
            "repo": {
                "issues_url": "https://api.github.com/repos/hudl/hudl-utilities/issues{/number}",
                "deployments_url": "https://api.github.com/repos/hudl/hudl-utilities/deployments",
                "stargazers_count": 1,
                "forks_url": "https://api.github.com/repos/hudl/hudl-utilities/forks",
                "mirror_url": null,
                "subscription_url": "https://api.github.com/repos/hudl/hudl-utilities/subscription",
                "notifications_url": "https://api.github.com/repos/hudl/hudl-utilities/notifications{?since,all,participating}",
                "collaborators_url": "https://api.github.com/repos/hudl/hudl-utilities/collaborators{/collaborator}",
                "updated_at": "2016-01-12T17:17:11Z",
                "private": true,
                "pulls_url": "https://api.github.com/repos/hudl/hudl-utilities/pulls{/number}",
                "issue_comment_url": "https://api.github.com/repos/hudl/hudl-utilities/issues/comments{/number}",
                "labels_url": "https://api.github.com/repos/hudl/hudl-utilities/labels{/name}",
                "has_wiki": true,
                "full_name": "hudl/hudl-utilities",
                "owner": {
                    "following_url": "https://api.github.com/users/hudl/following{/other_user}",
                    "events_url": "https://api.github.com/users/hudl/events{/privacy}",
                    "organizations_url": "https://api.github.com/users/hudl/orgs",
                    "url": "https://api.github.com/users/hudl",
                    "gists_url": "https://api.github.com/users/hudl/gists{/gist_id}",
                    "html_url": "https://github.com/hudl",
                    "subscriptions_url": "https://api.github.com/users/hudl/subscriptions",
                    "avatar_url": "https://avatars.githubusercontent.com/u/123340?v=3",
                    "repos_url": "https://api.github.com/users/hudl/repos",
                    "received_events_url": "https://api.github.com/users/hudl/received_events",
                    "gravatar_id": "",
                    "starred_url": "https://api.github.com/users/hudl/starred{/owner}{/repo}",
                    "site_admin": false,
                    "login": "hudl",
                    "type": "Organization",
                    "id": 123340,
                    "followers_url": "https://api.github.com/users/hudl/followers"
                },
                "statuses_url": "https://api.github.com/repos/hudl/hudl-utilities/statuses/{sha}",
                "id": 3065626,
                "keys_url": "https://api.github.com/repos/hudl/hudl-utilities/keys{/key_id}",
                "description": "Random tools, experiments and scripts. A good home for experimental or ad-hoc tooling.",
                "tags_url": "https://api.github.com/repos/hudl/hudl-utilities/tags",
                "downloads_url": "https://api.github.com/repos/hudl/hudl-utilities/downloads",
                "assignees_url": "https://api.github.com/repos/hudl/hudl-utilities/assignees{/user}",
                "contents_url": "https://api.github.com/repos/hudl/hudl-utilities/contents/{+path}",
                "has_pages": false,
                "git_refs_url": "https://api.github.com/repos/hudl/hudl-utilities/git/refs{/sha}",
                "open_issues_count": 11,
                "clone_url": "https://github.com/hudl/hudl-utilities.git",
                "watchers_count": 1,
                "git_tags_url": "https://api.github.com/repos/hudl/hudl-utilities/git/tags{/sha}",
                "milestones_url": "https://api.github.com/repos/hudl/hudl-utilities/milestones{/number}",
                "languages_url": "https://api.github.com/repos/hudl/hudl-utilities/languages",
                "size": 84295,
                "homepage": "",
                "fork": false,
                "commits_url": "https://api.github.com/repos/hudl/hudl-utilities/commits{/sha}",
                "releases_url": "https://api.github.com/repos/hudl/hudl-utilities/releases{/id}",
                "issue_events_url": "https://api.github.com/repos/hudl/hudl-utilities/issues/events{/number}",
                "archive_url": "https://api.github.com/repos/hudl/hudl-utilities/{archive_format}{/ref}",
                "comments_url": "https://api.github.com/repos/hudl/hudl-utilities/comments{/number}",
                "events_url": "https://api.github.com/repos/hudl/hudl-utilities/events",
                "contributors_url": "https://api.github.com/repos/hudl/hudl-utilities/contributors",
                "html_url": "https://github.com/hudl/hudl-utilities",
                "forks": 0,
                "compare_url": "https://api.github.com/repos/hudl/hudl-utilities/compare/{base}...{head}",
                "open_issues": 11,
                "git_url": "git://github.com/hudl/hudl-utilities.git",
                "svn_url": "https://github.com/hudl/hudl-utilities",
                "merges_url": "https://api.github.com/repos/hudl/hudl-utilities/merges",
                "has_issues": true,
                "ssh_url": "git@github.com:hudl/hudl-utilities.git",
                "blobs_url": "https://api.github.com/repos/hudl/hudl-utilities/git/blobs{/sha}",
                "git_commits_url": "https://api.github.com/repos/hudl/hudl-utilities/git/commits{/sha}",
                "hooks_url": "https://api.github.com/repos/hudl/hudl-utilities/hooks",
                "has_downloads": true,
                "watchers": 1,
                "name": "hudl-utilities",
                "language": "C#",
                "url": "https://api.github.com/repos/hudl/hudl-utilities",
                "created_at": "2011-12-28T23:02:36Z",
                "pushed_at": "2016-03-10T00:38:17Z",
                "forks_count": 0,
                "default_branch": "master",
                "teams_url": "https://api.github.com/repos/hudl/hudl-utilities/teams",
                "trees_url": "https://api.github.com/repos/hudl/hudl-utilities/git/trees{/sha}",
                "branches_url": "https://api.github.com/repos/hudl/hudl-utilities/branches{/branch}",
                "subscribers_url": "https://api.github.com/repos/hudl/hudl-utilities/subscribers",
                "stargazers_url": "https://api.github.com/repos/hudl/hudl-utilities/stargazers"
            },
            "sha": "1838112791620201e02ed6dfba2e251fccc3a60b",
            "ref": "test-pr",
            "user": {
                "following_url": "https://api.github.com/users/hudl/following{/other_user}",
                "events_url": "https://api.github.com/users/hudl/events{/privacy}",
                "organizations_url": "https://api.github.com/users/hudl/orgs",
                "url": "https://api.github.com/users/hudl",
                "gists_url": "https://api.github.com/users/hudl/gists{/gist_id}",
                "html_url": "https://github.com/hudl",
                "subscriptions_url": "https://api.github.com/users/hudl/subscriptions",
                "avatar_url": "https://avatars.githubusercontent.com/u/123340?v=3",
                "repos_url": "https://api.github.com/users/hudl/repos",
                "received_events_url": "https://api.github.com/users/hudl/received_events",
                "gravatar_id": "",
                "starred_url": "https://api.github.com/users/hudl/starred{/owner}{/repo}",
                "site_admin": false,
                "login": "hudl",
                "type": "Organization",
                "id": 123340,
                "followers_url": "https://api.github.com/users/hudl/followers"
            },
            "label": "hudl:test-pr"
        },
        "commits_url": "https://api.github.com/repos/hudl/hudl-utilities/pulls/295/commits",
        "commits": 1,
        "comments_url": "https://api.github.com/repos/hudl/hudl-utilities/issues/295/comments",
        "html_url": "https://github.com/hudl/hudl-utilities/pull/295",
        "updated_at": "2016-03-10T00:38:17Z",
        "base": {
            "repo": {
                "issues_url": "https://api.github.com/repos/hudl/hudl-utilities/issues{/number}",
                "deployments_url": "https://api.github.com/repos/hudl/hudl-utilities/deployments",
                "stargazers_count": 1,
                "forks_url": "https://api.github.com/repos/hudl/hudl-utilities/forks",
                "mirror_url": null,
                "subscription_url": "https://api.github.com/repos/hudl/hudl-utilities/subscription",
                "notifications_url": "https://api.github.com/repos/hudl/hudl-utilities/notifications{?since,all,participating}",
                "collaborators_url": "https://api.github.com/repos/hudl/hudl-utilities/collaborators{/collaborator}",
                "updated_at": "2016-01-12T17:17:11Z",
                "private": true,
                "pulls_url": "https://api.github.com/repos/hudl/hudl-utilities/pulls{/number}",
                "issue_comment_url": "https://api.github.com/repos/hudl/hudl-utilities/issues/comments{/number}",
                "labels_url": "https://api.github.com/repos/hudl/hudl-utilities/labels{/name}",
                "has_wiki": true,
                "full_name": "hudl/hudl-utilities",
                "owner": {
                    "following_url": "https://api.github.com/users/hudl/following{/other_user}",
                    "events_url": "https://api.github.com/users/hudl/events{/privacy}",
                    "organizations_url": "https://api.github.com/users/hudl/orgs",
                    "url": "https://api.github.com/users/hudl",
                    "gists_url": "https://api.github.com/users/hudl/gists{/gist_id}",
                    "html_url": "https://github.com/hudl",
                    "subscriptions_url": "https://api.github.com/users/hudl/subscriptions",
                    "avatar_url": "https://avatars.githubusercontent.com/u/123340?v=3",
                    "repos_url": "https://api.github.com/users/hudl/repos",
                    "received_events_url": "https://api.github.com/users/hudl/received_events",
                    "gravatar_id": "",
                    "starred_url": "https://api.github.com/users/hudl/starred{/owner}{/repo}",
                    "site_admin": false,
                    "login": "hudl",
                    "type": "Organization",
                    "id": 123340,
                    "followers_url": "https://api.github.com/users/hudl/followers"
                },
                "statuses_url": "https://api.github.com/repos/hudl/hudl-utilities/statuses/{sha}",
                "id": 3065626,
                "keys_url": "https://api.github.com/repos/hudl/hudl-utilities/keys{/key_id}",
                "description": "Random tools, experiments and scripts. A good home for experimental or ad-hoc tooling.",
                "tags_url": "https://api.github.com/repos/hudl/hudl-utilities/tags",
                "downloads_url": "https://api.github.com/repos/hudl/hudl-utilities/downloads",
                "assignees_url": "https://api.github.com/repos/hudl/hudl-utilities/assignees{/user}",
                "contents_url": "https://api.github.com/repos/hudl/hudl-utilities/contents/{+path}",
                "has_pages": false,
                "git_refs_url": "https://api.github.com/repos/hudl/hudl-utilities/git/refs{/sha}",
                "open_issues_count": 11,
                "clone_url": "https://github.com/hudl/hudl-utilities.git",
                "watchers_count": 1,
                "git_tags_url": "https://api.github.com/repos/hudl/hudl-utilities/git/tags{/sha}",
                "milestones_url": "https://api.github.com/repos/hudl/hudl-utilities/milestones{/number}",
                "languages_url": "https://api.github.com/repos/hudl/hudl-utilities/languages",
                "size": 84295,
                "homepage": "",
                "fork": false,
                "commits_url": "https://api.github.com/repos/hudl/hudl-utilities/commits{/sha}",
                "releases_url": "https://api.github.com/repos/hudl/hudl-utilities/releases{/id}",
                "issue_events_url": "https://api.github.com/repos/hudl/hudl-utilities/issues/events{/number}",
                "archive_url": "https://api.github.com/repos/hudl/hudl-utilities/{archive_format}{/ref}",
                "comments_url": "https://api.github.com/repos/hudl/hudl-utilities/comments{/number}",
                "events_url": "https://api.github.com/repos/hudl/hudl-utilities/events",
                "contributors_url": "https://api.github.com/repos/hudl/hudl-utilities/contributors",
                "html_url": "https://github.com/hudl/hudl-utilities",
                "forks": 0,
                "compare_url": "https://api.github.com/repos/hudl/hudl-utilities/compare/{base}...{head}",
                "open_issues": 11,
                "git_url": "git://github.com/hudl/hudl-utilities.git",
                "svn_url": "https://github.com/hudl/hudl-utilities",
                "merges_url": "https://api.github.com/repos/hudl/hudl-utilities/merges",
                "has_issues": true,
                "ssh_url": "git@github.com:hudl/hudl-utilities.git",
                "blobs_url": "https://api.github.com/repos/hudl/hudl-utilities/git/blobs{/sha}",
                "git_commits_url": "https://api.github.com/repos/hudl/hudl-utilities/git/commits{/sha}",
                "hooks_url": "https://api.github.com/repos/hudl/hudl-utilities/hooks",
                "has_downloads": true,
                "watchers": 1,
                "name": "hudl-utilities",
                "language": "C#",
                "url": "https://api.github.com/repos/hudl/hudl-utilities",
                "created_at": "2011-12-28T23:02:36Z",
                "pushed_at": "2016-03-10T00:38:17Z",
                "forks_count": 0,
                "default_branch": "master",
                "teams_url": "https://api.github.com/repos/hudl/hudl-utilities/teams",
                "trees_url": "https://api.github.com/repos/hudl/hudl-utilities/git/trees{/sha}",
                "branches_url": "https://api.github.com/repos/hudl/hudl-utilities/branches{/branch}",
                "subscribers_url": "https://api.github.com/repos/hudl/hudl-utilities/subscribers",
                "stargazers_url": "https://api.github.com/repos/hudl/hudl-utilities/stargazers"
            },
            "sha": "6d62b669ac1afb716414c0d7a3c4b6217c613fc9",
            "ref": "master",
            "user": {
                "following_url": "https://api.github.com/users/hudl/following{/other_user}",
                "events_url": "https://api.github.com/users/hudl/events{/privacy}",
                "organizations_url": "https://api.github.com/users/hudl/orgs",
                "url": "https://api.github.com/users/hudl",
                "gists_url": "https://api.github.com/users/hudl/gists{/gist_id}",
                "html_url": "https://github.com/hudl",
                "subscriptions_url": "https://api.github.com/users/hudl/subscriptions",
                "avatar_url": "https://avatars.githubusercontent.com/u/123340?v=3",
                "repos_url": "https://api.github.com/users/hudl/repos",
                "received_events_url": "https://api.github.com/users/hudl/received_events",
                "gravatar_id": "",
                "starred_url": "https://api.github.com/users/hudl/starred{/owner}{/repo}",
                "site_admin": false,
                "login": "hudl",
                "type": "Organization",
                "id": 123340,
                "followers_url": "https://api.github.com/users/hudl/followers"
            },
            "label": "hudl:master"
        },
        "user": {
            "following_url": "https://api.github.com/users/jamiegs/following{/other_user}",
            "events_url": "https://api.github.com/users/jamiegs/events{/privacy}",
            "organizations_url": "https://api.github.com/users/jamiegs/orgs",
            "url": "https://api.github.com/users/jamiegs",
            "gists_url": "https://api.github.com/users/jamiegs/gists{/gist_id}",
            "html_url": "https://github.com/jamiegs",
            "subscriptions_url": "https://api.github.com/users/jamiegs/subscriptions",
            "avatar_url": "https://avatars.githubusercontent.com/u/64500?v=3",
            "repos_url": "https://api.github.com/users/jamiegs/repos",
            "received_events_url": "https://api.github.com/users/jamiegs/received_events",
            "gravatar_id": "",
            "starred_url": "https://api.github.com/users/jamiegs/starred{/owner}{/repo}",
            "site_admin": false,
            "login": "jamiegs",
            "type": "User",
            "id": 64500,
            "followers_url": "https://api.github.com/users/jamiegs/followers"
        },
        "milestone": null,
        "locked": false,
        "merged_by": {
            "following_url": "https://api.github.com/users/jamiegs/following{/other_user}",
            "events_url": "https://api.github.com/users/jamiegs/events{/privacy}",
            "organizations_url": "https://api.github.com/users/jamiegs/orgs",
            "url": "https://api.github.com/users/jamiegs",
            "gists_url": "https://api.github.com/users/jamiegs/gists{/gist_id}",
            "html_url": "https://github.com/jamiegs",
            "subscriptions_url": "https://api.github.com/users/jamiegs/subscriptions",
            "avatar_url": "https://avatars.githubusercontent.com/u/64500?v=3",
            "repos_url": "https://api.github.com/users/jamiegs/repos",
            "received_events_url": "https://api.github.com/users/jamiegs/received_events",
            "gravatar_id": "",
            "starred_url": "https://api.github.com/users/jamiegs/starred{/owner}{/repo}",
            "site_admin": false,
            "login": "jamiegs",
            "type": "User",
            "id": 64500,
            "followers_url": "https://api.github.com/users/jamiegs/followers"
        },
        "url": "https://api.github.com/repos/hudl/hudl-utilities/pulls/295",
        "mergeable_state": "unknown",
        "created_at": "2016-03-09T20:19:35Z",
        "merged": true,
        "review_comments_url": "https://api.github.com/repos/hudl/hudl-utilities/pulls/295/comments",
        "review_comments": 0,
        "review_comment_url": "https://api.github.com/repos/hudl/hudl-utilities/pulls/comments{/number}",
        "patch_url": "https://github.com/hudl/hudl-utilities/pull/295.patch"
    },
    "action": "closed",
    "organization": {
        "issues_url": "https://api.github.com/orgs/hudl/issues",
        "members_url": "https://api.github.com/orgs/hudl/members{/member}",
        "description": null,
        "public_members_url": "https://api.github.com/orgs/hudl/public_members{/member}",
        "url": "https://api.github.com/orgs/hudl",
        "events_url": "https://api.github.com/orgs/hudl/events",
        "avatar_url": "https://avatars.githubusercontent.com/u/123340?v=3",
        "repos_url": "https://api.github.com/orgs/hudl/repos",
        "login": "hudl",
        "id": 123340,
        "hooks_url": "https://api.github.com/orgs/hudl/hooks"
    }
}